Date,Fate,Primos
2025-10-23,25,22707
2025-10-24,25,22881
2025-10-25,27,23778,[ストーリー]空月の歌 第4幕 消えた月光に想いを馳せて|[ストーリー]空月の歌 第3幕 存在しない国
2025-10-26,28,24568
2025-10-27,28,25166
2025-10-28,28,25736
2025-10-29,28,26336
2025-10-30,28,26486
2025-10-31,28,26658
2025-11-1,34,27762
2025-11-2,34,27917
2025-11-3,34,28634
2025-11-4,34,28784
2025-11-5,34,28934
2025-11-6,34,29084
2025-11-7,34,29234
2025-11-8,35,29410
2025-11-9,35,29631
2025-11-10,35,29807
2025-11-11,35,29957
2025-11-12,35,30127
2025-11-13,35,30277
2025-11-14,35,30432
2025-11-15,35,30602
2025-11-16,35,31452
2025-11-17,36,31512
2025-11-18,36,31662
2025-11-19,36,31812
2025-11-20,36,31969
2025-11-21,36,32929
2025-11-22,36,33079
2025-11-23,37,35245
2025-11-24,37,35393
2025-11-25,37,35570
2025-11-26,37,35780
2025-11-27,37,35930
2025-11-28,37,36190
2025-11-29,37,36340
2025-11-30,37,36495
2025-12-1,42,36645
2025-12-2,42,36883
2025-12-3,25,37673,[ガチャ]刻晴
2025-12-4,27,38601,[ストーリー]空月の歌 第6幕 朝露に散りゆく月光|[ストーリー]空月の歌 第5幕 北の果ての夜想詩
2025-12-5,27,39945
2025-12-6,28,40458
2025-12-7,28,40608
2025-12-8,28,40763
2025-12-9,28,40908
2025-12-10,28,41508
2025-12-11,28,41658
2025-12-12,28,41808
2025-12-13,28,42403
2025-12-14,28,42553
2025-12-15,28,42703
2025-12-16,28,42853
2025-12-17,28,43023
2025-12-18,28,43173
2025-12-19,28,43415
2025-12-20,28,44385
2025-12-21,28,44666
2025-12-22,28,44826
2025-12-23,28,45071
2025-12-24,28,45221
2025-12-25,28,45371
2025-12-26,28,45521
2025-12-27,28,45676
2025-12-28,28,46266
2025-12-29,28,46436
2025-12-30,28,46586
2025-12-31,28,46736
2026-1-1,28,46886
2026-1-2,28,48076
2026-1-3,28,48226
2026-1-4,33,49428
2026-1-5,33,49618
2026-1-6,33,50228
2026-1-7,33,50784
2026-1-8,33,50974
2026-1-9,33,51389
2026-1-10,33,51639
2026-1-11,35,51939
2026-1-12,35,52159
2026-1-13,35,52309
2026-1-14,2,39647,[ガチャ]コロンビーナ|[ガチャ]コロンビーナモチーフ|[ストーリー]空月の歌 第8幕 真実の月|[ストーリー]空月の歌 第7幕 冬の夜、ある旅人が
2026-1-15,2,40542
2026-1-16,3,41437
2026-1-17,3,41527
2026-1-18,3,41617
2026-1-19,3,41707
2026-1-20,5,41797
2026-1-21,7,42567
2026-1-22,7,42717
2026-1-23,7,42882
2026-1-24,12,43046
2026-1-25,12,43686
2026-1-26,12,43836
2026-1-27,12,43986
2026-1-28,12,44136
2026-1-29,12,44586
2026-1-30,12,44736
2026-1-31,12,45186
2026-2-1,17,45936
2026-2-2,17,46486
2026-2-3,17,46636
2026-2-4,17,46786
2026-2-5,17,46936
2026-2-6,17,47102
2026-2-7,17,47271
2026-2-8,17,47440
2026-2-9,17,47609
2026-2-10,17,47759
2026-2-11,17,47909
2026-2-12,17,48059
2026-2-13,17,48509
2026-2-14,17,48719
2026-2-15,17,48869
2026-2-16,17,49744
2026-2-17,17,49904
2026-2-18,17,49969
2026-2-19,17,50111
2026-2-20,15,48171
2026-2-21,15,48481
2026-2-22,15,49541
2026-2-23,15,49601
2026-2-24,15,49663
2026-2-25,15,50022
2026-2-26,15,50380
2026-2-27,15,50443
2026-2-28,15,51123
2026-3-1,15,51183
2026-3-2,20,51333
2026-3-3,20,51483
2026-3-4,20,51633
2026-3-5,20,51783
2026-3-6,20,51933
2026-3-7,20,52083
2026-3-8,20,52233
2026-3-9,20,52458
2026-3-10,20,52683
2026-3-11,22,52683
2026-3-12,22,53283
2026-3-13,22,53453
2026-3-14,22,53603
2026-3-15,22,54753
2026-3-16,22,55703
2026-3-17,22,55933
2026-3-18,22,56083
2026-3-19,22,56233
2026-3-20,22,56383
2026-3-21,22,56627
2026-3-22,22,57119
2026-3-23,22,57269
2026-3-24,22,57419
2026-3-25,22,57569
2026-3-26,22,57719
2026-3-27,22,58309
2026-3-28,22,58459
2026-3-29,22,58609
2026-3-30,22,58759
2026-3-31,22,59529
2026-4-1,22,59869
2026-4-2,28,59929
2026-4-3,28,60079
2026-4-4,28,60856
2026-4-5,28,61066
2026-4-6,28,61216